{
  "name" : "Location",
  "type" : "ENUMVALUES",
  "enumValues" : [ {
    "canonicalName" : "San Francisco",
    "synonyms" : null
  }, {
    "canonicalName" : "Redwood City",
    "synonyms" : null
  }, {
    "canonicalName" : "California",
    "synonyms" : null
  }, {
    "canonicalName" : "Oregon",
    "synonyms" : null
  }, {
    "canonicalName" : "Washington",
    "synonyms" : null
  }, {
    "canonicalName" : "Los Angeles",
    "synonyms" : null
  } ],
  "namedEntityRuleParams" : [ ],
  "multiValue" : false,
  "fuzzyMatch" : false,
  "promptForDisambiguation" : true,
  "botPrompts" : [ ],
  "validationRules" : [ ],
  "compositeBagItems" : [ ]
}