{
  "name" : "ToAccount",
  "type" : "ENUMVALUES",
  "enumValues" : [ {
    "canonicalName" : "Lauren",
    "synonyms" : null
  }, {
    "canonicalName" : "Sasha",
    "synonyms" : null
  }, {
    "canonicalName" : "Mom",
    "synonyms" : null
  }, {
    "canonicalName" : "Chase Preferred",
    "synonyms" : null
  }, {
    "canonicalName" : "the babysitter",
    "synonyms" : null
  } ],
  "namedEntityRuleParams" : [ ],
  "multiValue" : false,
  "fuzzyMatch" : false,
  "promptForDisambiguation" : true,
  "botPrompts" : [ ],
  "validationRules" : [ ],
  "compositeBagItems" : [ ]
}