{
  "name" : "TrackSpendingCategory",
  "type" : "ENUMVALUES",
  "enumValues" : [ {
    "canonicalName" : "gas",
    "synonyms" : null
  }, {
    "canonicalName" : "retail",
    "synonyms" : [ "clothes", "books" ]
  }, {
    "canonicalName" : "travel",
    "synonyms" : null
  }, {
    "canonicalName" : "uber",
    "synonyms" : null
  }, {
    "canonicalName" : "restaurants",
    "synonyms" : [ "restaurant", "eating", "dining" ]
  }, {
    "canonicalName" : "coffee",
    "synonyms" : null
  }, {
    "canonicalName" : "grocery",
    "synonyms" : [ "food" ]
  } ],
  "namedEntityRuleParams" : [ ],
  "multiValue" : false,
  "fuzzyMatch" : false,
  "promptForDisambiguation" : true,
  "botPrompts" : [ ],
  "validationRules" : [ ],
  "compositeBagItems" : [ ]
}